{
  "providers": [
    {
      "type": "bitmap",
      "file": "inky:gui/prefixes/rank/player/player.png",
      "height": 8,
      "ascent": 8,
      "chars": ["❶"]
    },
    {
      "type": "bitmap",
      "file": "inky:gui/prefixes/rank/player/vip.png",
      "height": 8,
      "ascent": 8,
      "chars": ["❷"]
    },
    {
      "type": "bitmap",
      "file": "inky:gui/prefixes/rank/player/vip_plus.png",
      "height": 8,
      "ascent": 8,
      "chars": ["❸"]
    },
    {
      "type": "bitmap",
      "file": "inky:gui/prefixes/rank/player/mvp.png",
      "height": 8,
      "ascent": 8,
      "chars": ["❹"]
    },
    {
      "type": "bitmap",
      "file": "inky:gui/prefixes/rank/player/mvp_plus.png",
      "height": 8,
      "ascent": 8,
      "chars": ["❺"]
    },
    {
      "type": "bitmap",
      "file": "inky:gui/prefixes/rank/player/king.png",
      "height": 8,
      "ascent": 8,
      "chars": ["❻"]
    },
    {
      "type": "bitmap",
      "file": "inky:gui/prefixes/rank/staff/builder.png",
      "height": 8,
      "ascent": 8,
      "chars": ["➀"]
    },
    {
      "type": "bitmap",
      "file": "inky:gui/prefixes/rank/staff/helper.png",
      "height": 8,
      "ascent": 8,
      "chars": ["➁"]
    },
    {
      "type": "bitmap",
      "file": "inky:gui/prefixes/rank/staff/mod.png",
      "height": 8,
      "ascent": 8,
      "chars": ["➂"]
    },
    {
      "type": "bitmap",
      "file": "inky:gui/prefixes/rank/staff/admin.png",
      "height": 8,
      "ascent": 8,
      "chars": ["➃"]
    },
    {
      "type": "bitmap",
      "file": "inky:gui/prefixes/rank/staff/developer.png",
      "height": 8,
      "ascent": 8,
      "chars": ["➄"]
    },
    {
      "type": "bitmap",
      "file": "inky:gui/prefixes/rank/staff/owner.png",
      "height": 8,
      "ascent": 8,
      "chars": ["➅"]
    },
    {
      "type": "bitmap",
      "file": "inky:gui/prefixes/rarity/common.png",
      "height": 8,
      "ascent": 8,
      "chars": ["➊"]
    },
    {
      "type": "bitmap",
      "file": "inky:gui/prefixes/rarity/uncommon.png",
      "height": 8,
      "ascent": 8,
      "chars": ["➋"]
    },
    {
      "type": "bitmap",
      "file": "inky:gui/prefixes/rarity/rare.png",
      "height": 8,
      "ascent": 8,
      "chars": ["➌"]
    },
    {
      "type": "bitmap",
      "file": "inky:gui/prefixes/rarity/epic.png",
      "height": 8,
      "ascent": 8,
      "chars": ["➍"]
    },
    {
      "type": "bitmap",
      "file": "inky:gui/prefixes/rarity/heroic.png",
      "height": 8,
      "ascent": 8,
      "chars": ["➎"]
    },
    {
      "type": "bitmap",
      "file": "inky:gui/prefixes/rarity/legendary.png",
      "height": 8,
      "ascent": 8,
      "chars": ["➏"]
    },
    {
      "type": "bitmap",
      "file": "inky:gui/prefixes/rarity/ethereal.png",
      "height": 8,
      "ascent": 8,
      "chars": ["➐"]
    },
    {
      "type": "bitmap",
      "file": "inky:gui/prefixes/npc/alchemist.png",
      "height": 8,
      "ascent": 8,
      "chars": ["⠁"]
    },
    {
      "type": "bitmap",
      "file": "inky:gui/prefixes/npc/auction.png",
      "height": 8,
      "ascent": 8,
      "chars": ["⠂"]
    },
    {
      "type": "bitmap",
      "file": "inky:gui/prefixes/npc/bank.png",
      "height": 8,
      "ascent": 8,
      "chars": ["⠄"]
    },
    {
      "type": "bitmap",
      "file": "inky:gui/prefixes/npc/battlepass.png",
      "height": 8,
      "ascent": 8,
      "chars": ["⠆"]
    },
    {
      "type": "bitmap",
      "file": "inky:gui/prefixes/npc/cosmetics.png",
      "height": 8,
      "ascent": 8,
      "chars": ["⠌"]
    },
    {
      "type": "bitmap",
      "file": "inky:gui/prefixes/npc/enchanter.png",
      "height": 8,
      "ascent": 8,
      "chars": ["⠎"]
    },
    {
      "type": "bitmap",
      "file": "inky:gui/prefixes/npc/exchange.png",
      "height": 8,
      "ascent": 8,
      "chars": ["⠐"]
    },
    {
      "type": "bitmap",
      "file": "inky:gui/prefixes/npc/jobs.png",
      "height": 8,
      "ascent": 8,
      "chars": ["⠒"]
    },
    {
      "type": "bitmap",
      "file": "inky:gui/prefixes/npc/keysmith.png",
      "height": 8,
      "ascent": 8,
      "chars": ["⠔"]
    },
    {
      "type": "bitmap",
      "file": "inky:gui/prefixes/npc/kits.png",
      "height": 8,
      "ascent": 8,
      "chars": ["⠖"]
    },
    {
      "type": "bitmap",
      "file": "inky:gui/prefixes/npc/merchant.png",
      "height": 8,
      "ascent": 8,
      "chars": ["⠘"]
    },
    {
      "type": "bitmap",
      "file": "inky:gui/prefixes/npc/npc.png",
      "height": 8,
      "ascent": 8,
      "chars": ["⠚"]
    },
    {
      "type": "bitmap",
      "file": "inky:gui/prefixes/npc/quest.png",
      "height": 8,
      "ascent": 8,
      "chars": ["⠜"]
    },
    {
      "type": "bitmap",
      "file": "inky:gui/prefixes/npc/rewards.png",
      "height": 8,
      "ascent": 8,
      "chars": ["⠞"]
    },
    {
      "type": "bitmap",
      "file": "inky:gui/prefixes/npc/shop.png",
      "height": 8,
      "ascent": 8,
      "chars": ["⠤"]
    },
    {
      "type": "bitmap",
      "file": "inky:gui/prefixes/npc/tinkerer.png",
      "height": 8,
      "ascent": 8,
      "chars": ["⠦"]
    },
    {
      "type": "bitmap",
      "file": "inky:gui/prefixes/npc/trader.png",
      "height": 8,
      "ascent": 8,
      "chars": ["⠨"]
    },
    {
      "type": "bitmap",
      "file": "inky:gui/prefixes/npc/vault.png",
      "height": 8,
      "ascent": 8,
      "chars": ["⠪"]
    },
    {
      "type": "bitmap",
      "file": "inky:gui/prefixes/npc/warp.png",
      "height": 8,
      "ascent": 8,
      "chars": ["⠬"]
    }
  ]
}
